{"cameraMode":{"drawMode":0,"name":"Shaded","section":"Shading Mode"},"sceneLighting":true,"audioPlay":false,"sceneViewState":{"m_AlwaysRefresh":false,"showFog":true,"showSkybox":true,"showFlares":true,"showImageEffects":true,"showParticleSystems":true,"showVisualEffectGraphs":true,"m_FxEnabled":true},"in2DMode":false,"pivot":{"x":0.4286920428276062,"y":1.423945426940918,"z":7.0030741691589359},"rotation":{"x":-0.17815428972244264,"y":0.16794191300868989,"z":-0.030874406918883325,"w":-0.9690746665000916},"size":11.095193862915039,"orthographic":false}