{"cameraMode":{"drawMode":0,"name":"Shaded","section":"Shading Mode"},"sceneLighting":false,"audioPlay":false,"sceneViewState":{"m_AlwaysRefresh":false,"showFog":true,"showSkybox":false,"showFlares":true,"showImageEffects":true,"showParticleSystems":true,"showVisualEffectGraphs":true,"m_FxEnabled":true},"in2DMode":false,"pivot":{"x":-8.010682106018067,"y":0.5265908241271973,"z":12.948206901550293},"rotation":{"x":0.00025899213505908847,"y":-0.9988346695899963,"z":0.047981034964323047,"w":0.005391622893512249},"size":3.98966121673584,"orthographic":true}